{
  "project_info": {
    "project_number": "645576497136",
    "firebase_url": "https://mylearnapp-quiz.firebaseio.com",
    "project_id": "mylearnapp-quiz",
    "storage_bucket": "mylearnapp-quiz.appspot.com"
  },
  "client": [
    {
      "client_info": {
        "mobilesdk_app_id": "1:645576497136:android:14f210832e69ad47a9ef35",
        "android_client_info": {
          "package_name": "com.orbitaliq.mylearnapp"
        }
      },
      "oauth_client": [
        {
          "client_id": "645576497136-ppehlvi14s02dr6pm3nc3gcb4eu9bikt.apps.googleusercontent.com",
          "client_type": 3
        }
      ],
      "api_key": [
        {
          "current_key": "AIzaSyBD5HciYvrlKbaJCDAXBdxVCTncglGTHu4"
        }
      ],
      "services": {
        "appinvite_service": {
          "other_platform_oauth_client": [
            {
              "client_id": "645576497136-ppehlvi14s02dr6pm3nc3gcb4eu9bikt.apps.googleusercontent.com",
              "client_type": 3
            }
          ]
        }
      }
    }
  ],
  "configuration_version": "1"
}